timestamp,action,model,prompt_hash,size,status,duration_ms
2026-01-15T17:56:27.831497,submit,nano-banana-pro,f673867987dc,1920x1080,success,1196
2026-01-15T17:57:51.086435,submit,nano-banana-pro,1517f0e6d7af,1280x720,success,1672
2026-01-15T17:58:32.032021,submit,nano-banana-pro,8dea2186e207,1280x720,success,1958
2026-01-15T22:06:15.265585,submit,nano-banana-pro,bb661401c7b0,16:9@2K,success,1328
2026-01-15T22:07:07.697461,submit,nano-banana-pro,339add5fcc82,16:9@1K,success,1265
2026-01-15T22:08:44.006052,submit,nano-banana-pro,aba94a58f93d,16:9@1K,success,1364
2026-01-16T07:52:33.426424,submit,nano-banana-pro,4fecedfce2fe,16:9@2K,success,1369
2026-01-16T07:53:30.550515,submit,nano-banana-pro,8da23144bbac,16:9@1K,success,1241
2026-01-16T07:54:08.849686,submit,nano-banana-pro,2c1cb96432ae,16:9@1K,success,1190
2026-01-17T11:42:49.826198,submit,nano-banana-pro,8f26f9a4a7e0,16:9@2K,success,2088
2026-01-17T11:45:25.070150,submit,nano-banana-pro,24472dfd5a35,16:9@1K,failed,10016
2026-01-17T19:54:24.626304,submit,nano-banana-pro,1de7dd3514ed,16:9@2K,success,1485
2026-01-21T15:38:42.158877,submit,nano-banana-pro,4efcc6551306,16:9@2K,success,1175
2026-01-22T00:54:38.478991,submit,nano-banana-pro,cdbef7b2c0a5,16:9@2K,success,4051
2026-01-22T00:55:26.607107,submit,nano-banana-pro,f3fa404254bf,16:9@1K,success,991
2026-01-22T00:56:01.610790,submit,nano-banana-pro,2036e2c76670,16:9@1K,success,965
2026-01-22T15:27:24.706780,submit,nano-banana-pro,06c30c829bee,16:9@2K,success,1547
2026-01-23T11:59:22.800656,submit,nano-banana-pro,1d361522459f,16:9@2K,success,1261
2026-01-23T15:04:44.651684,submit,nano-banana-pro,d8b423d71df0,16:9@2K,success,1252
2026-01-23T15:18:20.878789,submit,nano-banana-pro,99e2c0534ac5,16:9@2K,success,1330
2026-01-26T17:43:16.644838,submit,nano-banana-pro,3178a21c4842,16:9@2K,success,1090
2026-01-26T17:44:17.104705,submit,nano-banana-pro,c4ea3c598852,16:9@1K,success,974
2026-01-26T17:44:47.424790,submit,nano-banana-pro,a23e12057c93,16:9@1K,success,1005
2026-01-26T17:47:00.941692,submit,nano-banana-pro,278364b24abe,16:9@1K,success,1588
